pekerjaan,balance,rumah,pinjaman,durasi,poutcome,target
pelayan,4789,ya,ya,220,gagal,no
management,1350,ya,tidak,185,gagal,no
management,747,tidak,tidak,141,gagal,no
wiraswasta,307,ya,tidak,341,lainnya,no
pelayan,-88,ya,ya,313,gagal,no
pelajar,502,tidak,tidak,261,unknown,yes
buruh,360,ya,ya,89,gagal,no
admin,2317,ya,tidak,114,gagal,no
pelayan,132,tidak,tidak,148,lainnya,no
pensiunan,696,tidak,tidak,119,gagal,no
pensiunan,4189,tidak,tidak,897,unknown,yes
management,2536,ya,tidak,958,unknown,yes
teknisi,1235,tidak,tidak,354,unknown,yes
pensiunan,229,tidak,tidak,97,unknown,yes
buruh,2089,ya,tidak,132,unknown,yes
management,3935,ya,tidak,765,gagal,yes
management,11971,ya,tidak,609,gagal,no
buruh,145,tidak,tidak,59,lainnya,no
admin,4629,ya,tidak,181,sukses,yes
buruh,844,tidak,tidak,1018,unknown,yes
teknisi,1539,ya,tidak,441,lainnya,yes
buruh,203,ya,tidak,134,gagal,no
management,0,tidak,tidak,268,sukses,yes
buruh,174,ya,tidak,367,lainnya,no
belum,219,ya,tidak,204,gagal,no
admin,451,ya,tidak,652,unknown,yes
pelayan,657,tidak,tidak,398,gagal,yes
management,1315,tidak,tidak,224,unknown,yes
pelayan,-195,ya,tidak,391,unknown,yes
admin,261,tidak,tidak,233,gagal,no
buruh,2843,tidak,tidak,473,sukses,no
belum,406,tidak,tidak,736,unknown,yes
management,493,ya,tidak,553,gagal,no
management,574,ya,tidak,259,gagal,no
belum,3391,tidak,tidak,243,unknown,yes
pelajar,2488,tidak,tidak,258,sukses,yes
buruh,22,tidak,tidak,76,gagal,no
pelajar,331,tidak,tidak,170,unknown,yes
teknisi,505,tidak,ya,386,unknown,yes
management,-55,ya,tidak,281,gagal,no
wiraswasta,462,tidak,tidak,1877,unknown,yes
buruh,228,tidak,tidak,176,gagal,no
pensiunan,4659,tidak,tidak,161,unknown,yes
admin,0,ya,tidak,85,gagal,no
admin,428,ya,ya,54,gagal,no
management,-970,ya,tidak,489,unknown,yes
admin,179,ya,tidak,194,lainnya,no
admin,602,tidak,tidak,324,sukses,yes
teknisi,273,ya,tidak,84,gagal,no
management,80,tidak,tidak,676,gagal,yes
admin,462,ya,ya,272,lainnya,no
admin,176,ya,tidak,147,gagal,no
admin,0,ya,tidak,65,gagal,no
admin,899,ya,tidak,377,sukses,no
pelayan,21,ya,tidak,96,lainnya,no
teknisi,23,ya,tidak,152,gagal,no
pensiunan,-1206,ya,tidak,382,unknown,yes
pensiunan,3771,tidak,tidak,185,sukses,yes
teknisi,992,ya,tidak,301,sukses,no
teknisi,2658,ya,tidak,768,gagal,yes
management,1315,ya,tidak,1337,gagal,no
buruh,455,tidak,tidak,403,unknown,yes
teknisi,1599,ya,tidak,115,gagal,no
pelayan,-196,ya,tidak,60,gagal,no
teknisi,432,ya,tidak,10,lainnya,no
management,372,ya,tidak,654,unknown,yes
buruh,975,ya,tidak,256,gagal,no
teknisi,359,ya,tidak,210,lainnya,no
teknisi,0,ya,ya,112,lainnya,no
teknisi,33,ya,tidak,195,gagal,no
buruh,0,ya,tidak,768,sukses,no
buruh,3576,ya,tidak,124,lainnya,no
management,0,ya,tidak,60,lainnya,no
teknisi,0,tidak,ya,9,gagal,no
pensiunan,3401,ya,tidak,84,gagal,no
buruh,482,tidak,ya,1097,unknown,yes
teknisi,883,tidak,tidak,543,gagal,no
pelayan,0,ya,tidak,297,gagal,no
buruh,174,ya,ya,487,unknown,yes
pembantu,11219,tidak,tidak,699,gagal,no
admin,69,tidak,ya,120,sukses,yes
buruh,4108,ya,tidak,526,unknown,yes
entrepreneur,-701,ya,tidak,988,unknown,yes
buruh,-311,ya,tidak,1030,unknown,yes
entrepreneur,593,ya,ya,1484,unknown,yes
buruh,759,ya,tidak,317,unknown,yes
pensiunan,1840,tidak,tidak,383,gagal,no
entrepreneur,687,ya,tidak,772,unknown,yes
buruh,8545,ya,ya,199,gagal,no
admin,760,ya,tidak,223,gagal,yes
entrepreneur,2971,tidak,tidak,429,gagal,yes
management,1199,tidak,tidak,178,sukses,yes
teknisi,6699,tidak,tidak,425,gagal,no
entrepreneur,145,ya,tidak,799,unknown,yes
belum,978,tidak,tidak,1370,sukses,yes
teknisi,828,ya,tidak,215,lainnya,no
pelayan,228,ya,tidak,1017,unknown,yes
management,424,tidak,tidak,298,unknown,yes
management,1410,ya,tidak,8,gagal,no
pensiunan,1084,tidak,tidak,201,sukses,no
management,832,ya,ya,164,gagal,no
buruh,219,ya,ya,270,gagal,no
management,2587,tidak,tidak,328,sukses,yes
wiraswasta,2303,ya,tidak,323,gagal,no
management,4,tidak,tidak,223,gagal,no
management,318,ya,tidak,1434,gagal,no
admin,4099,tidak,tidak,397,unknown,yes
management,8436,ya,tidak,245,gagal,no
teknisi,11262,tidak,tidak,323,unknown,yes
entrepreneur,946,ya,tidak,1065,lainnya,no
admin,-396,ya,tidak,80,gagal,no
pelayan,0,ya,tidak,131,gagal,no
management,393,ya,tidak,567,gagal,yes
buruh,0,ya,tidak,53,gagal,no
pensiunan,9676,tidak,tidak,234,unknown,yes
pelayan,1328,ya,tidak,121,gagal,no
management,1240,ya,tidak,505,lainnya,no
buruh,43,ya,tidak,332,gagal,no
teknisi,6101,tidak,tidak,60,sukses,no
buruh,517,tidak,ya,681,unknown,yes
management,438,ya,tidak,37,gagal,no
admin,0,tidak,tidak,161,gagal,yes
pensiunan,3810,ya,tidak,262,gagal,yes
management,755,tidak,tidak,1212,unknown,yes
management,502,ya,tidak,551,gagal,no
management,876,ya,tidak,140,gagal,no
buruh,130,tidak,tidak,156,gagal,no
admin,619,ya,tidak,16,lainnya,no
management,1221,ya,tidak,279,unknown,yes
teknisi,4508,ya,tidak,854,unknown,yes
wiraswasta,5462,tidak,tidak,430,unknown,yes
management,36,tidak,tidak,118,gagal,no
buruh,889,ya,tidak,185,sukses,yes
pembantu,0,tidak,tidak,722,gagal,no
admin,4608,tidak,tidak,212,unknown,yes
pensiunan,7802,tidak,tidak,421,sukses,yes
teknisi,694,ya,tidak,97,gagal,no
admin,1796,tidak,tidak,295,sukses,yes
admin,22,tidak,tidak,388,unknown,yes
teknisi,244,ya,tidak,1735,unknown,yes
pembantu,7317,ya,tidak,172,gagal,no
management,12607,tidak,tidak,203,gagal,no
pelajar,103,tidak,tidak,104,unknown,yes
buruh,315,tidak,tidak,1407,unknown,yes
buruh,121,ya,ya,168,gagal,no
teknisi,195,ya,tidak,220,gagal,yes
belum,757,tidak,tidak,103,gagal,no
buruh,1925,ya,tidak,904,unknown,yes
management,902,ya,tidak,159,lainnya,no
pensiunan,5207,tidak,tidak,336,lainnya,no
admin,738,ya,tidak,585,gagal,no
pelayan,2567,ya,tidak,109,gagal,no
admin,3696,tidak,tidak,250,sukses,yes
teknisi,-228,ya,tidak,187,lainnya,no
pensiunan,2747,tidak,tidak,113,gagal,no
admin,1314,ya,tidak,682,sukses,no
management,1304,tidak,tidak,501,unknown,yes
buruh,720,tidak,ya,651,unknown,yes
teknisi,2497,ya,tidak,35,gagal,no
teknisi,56,ya,ya,194,gagal,no
management,1319,ya,tidak,427,gagal,no
buruh,171,tidak,tidak,19,lainnya,no
teknisi,696,tidak,ya,193,gagal,no
teknisi,227,tidak,tidak,278,unknown,yes
pembantu,201,ya,tidak,58,gagal,no
pensiunan,-49,ya,tidak,188,gagal,no
buruh,12519,ya,tidak,146,sukses,no
pelayan,2881,tidak,tidak,356,unknown,yes
wiraswasta,231,tidak,tidak,352,unknown,yes
teknisi,1161,ya,tidak,236,gagal,no
teknisi,7050,tidak,tidak,222,sukses,yes
management,1509,tidak,tidak,333,gagal,no
management,2764,tidak,tidak,237,gagal,no
management,2,ya,ya,1031,unknown,yes
teknisi,8023,tidak,tidak,107,gagal,no
wiraswasta,1382,tidak,tidak,700,unknown,yes
management,703,ya,tidak,590,unknown,yes
management,2763,ya,tidak,526,unknown,yes
wiraswasta,548,tidak,tidak,1181,unknown,yes
management,6269,ya,tidak,249,gagal,no
management,252,ya,ya,123,gagal,no
pembantu,23663,ya,tidak,199,gagal,no
entrepreneur,81,tidak,tidak,197,gagal,no
pensiunan,43,tidak,tidak,117,sukses,no
teknisi,57,tidak,tidak,253,sukses,no
teknisi,666,ya,ya,190,lainnya,no
management,0,ya,tidak,767,unknown,yes
teknisi,25,ya,tidak,232,unknown,yes
entrepreneur,1034,ya,tidak,854,lainnya,no
teknisi,0,tidak,tidak,986,gagal,no
management,621,tidak,ya,114,gagal,no
teknisi,310,ya,tidak,200,gagal,no
entrepreneur,73,ya,tidak,158,gagal,no
teknisi,64,ya,tidak,239,lainnya,no
pelayan,168,tidak,tidak,347,sukses,yes
pelayan,1550,ya,tidak,126,gagal,no
entrepreneur,0,tidak,tidak,74,gagal,no
management,874,tidak,tidak,1282,unknown,yes
pensiunan,1033,tidak,tidak,1199,unknown,yes
wiraswasta,1354,ya,tidak,736,unknown,yes
pelajar,1790,tidak,tidak,224,gagal,no
buruh,498,ya,tidak,55,gagal,no
teknisi,455,tidak,tidak,240,lainnya,no
management,1010,ya,tidak,385,lainnya,no
buruh,1092,tidak,ya,79,gagal,no
management,3463,tidak,ya,96,unknown,yes
teknisi,480,tidak,tidak,213,unknown,yes
teknisi,1855,ya,tidak,75,gagal,no
management,1633,tidak,tidak,275,unknown,yes
pelayan,0,ya,tidak,154,lainnya,no
pensiunan,3334,tidak,tidak,632,unknown,yes
management,1167,ya,ya,264,unknown,yes
pelayan,0,ya,tidak,335,gagal,no
management,414,tidak,tidak,293,gagal,no
management,1944,ya,tidak,238,gagal,no
teknisi,3,tidak,tidak,40,gagal,no
buruh,908,ya,tidak,1663,unknown,yes
pelajar,1281,tidak,tidak,279,gagal,no
management,2881,tidak,tidak,510,lainnya,no
buruh,445,ya,tidak,218,gagal,no
management,643,ya,tidak,74,gagal,no
management,-1212,ya,tidak,1259,gagal,no
teknisi,2125,ya,ya,285,gagal,no
teknisi,271,ya,tidak,80,lainnya,no
management,703,ya,tidak,342,unknown,yes
teknisi,-75,ya,tidak,57,lainnya,no
pelayan,58,ya,tidak,113,lainnya,no
management,112,ya,tidak,159,gagal,no
wiraswasta,13669,tidak,tidak,138,lainnya,no
management,1429,ya,tidak,1015,lainnya,yes
belum,168,ya,tidak,66,lainnya,no
buruh,1996,tidak,tidak,761,unknown,yes
pelayan,7066,ya,tidak,667,lainnya,yes
management,671,ya,ya,219,gagal,no
pembantu,976,tidak,tidak,345,lainnya,yes
management,624,tidak,tidak,336,sukses,yes
buruh,-461,tidak,tidak,254,gagal,no
teknisi,144,ya,ya,104,gagal,no
admin,1020,ya,tidak,882,unknown,yes
teknisi,150,ya,ya,102,gagal,no
pembantu,26965,tidak,tidak,654,unknown,yes
management,15030,ya,tidak,167,lainnya,no
admin,255,tidak,tidak,457,sukses,yes
teknisi,102,ya,tidak,460,gagal,no
entrepreneur,58,ya,tidak,119,gagal,no
teknisi,65,ya,tidak,1028,unknown,yes
management,882,tidak,ya,94,gagal,no
pelajar,5291,tidak,tidak,192,gagal,yes
management,61,ya,tidak,185,gagal,no
teknisi,3,ya,tidak,45,gagal,no
admin,35,ya,tidak,76,gagal,no
pelayan,198,tidak,tidak,128,unknown,yes
buruh,99,ya,tidak,193,lainnya,no
management,-29,tidak,tidak,41,gagal,no
admin,3913,ya,tidak,196,gagal,no
buruh,172,tidak,tidak,177,unknown,yes
management,0,ya,tidak,262,sukses,yes
management,222,ya,tidak,317,gagal,no
buruh,1451,tidak,tidak,314,unknown,yes
teknisi,1066,tidak,tidak,109,unknown,yes
belum,3276,tidak,tidak,106,lainnya,no
teknisi,196,ya,ya,116,gagal,no
management,3143,tidak,tidak,421,unknown,yes
buruh,6411,ya,ya,144,gagal,no
wiraswasta,1013,ya,tidak,206,gagal,yes
teknisi,5436,ya,tidak,7,gagal,no
buruh,215,tidak,tidak,350,unknown,yes
management,388,ya,tidak,2087,unknown,yes
wiraswasta,2013,tidak,tidak,222,sukses,yes
admin,3913,ya,tidak,124,unknown,yes
management,673,ya,ya,271,gagal,no
pelajar,291,tidak,tidak,172,gagal,no
teknisi,410,ya,tidak,891,unknown,yes
buruh,-454,ya,tidak,558,unknown,yes
pensiunan,665,ya,tidak,371,unknown,yes
teknisi,994,ya,tidak,149,gagal,yes
admin,5346,ya,ya,187,unknown,yes
pensiunan,1044,tidak,tidak,353,unknown,yes
management,-70,ya,tidak,140,lainnya,no
buruh,1613,ya,tidak,296,gagal,yes
admin,81,ya,tidak,121,lainnya,no
pelayan,1337,tidak,tidak,330,sukses,yes
entrepreneur,3904,tidak,tidak,250,sukses,yes
management,1147,tidak,tidak,389,sukses,yes
teknisi,7108,ya,ya,53,gagal,no
buruh,1049,ya,tidak,224,unknown,yes
buruh,0,ya,tidak,57,lainnya,no
management,726,ya,tidak,39,gagal,no
unknown,2206,tidak,tidak,104,lainnya,yes
admin,1988,tidak,tidak,164,gagal,yes
pembantu,768,tidak,tidak,250,sukses,no
buruh,661,ya,tidak,968,unknown,yes
teknisi,217,ya,tidak,141,lainnya,no
management,2096,tidak,tidak,127,gagal,no
management,1831,tidak,tidak,122,gagal,no
buruh,851,ya,tidak,151,gagal,no
buruh,137,tidak,ya,5,gagal,no
management,146,tidak,tidak,50,lainnya,no
teknisi,1,tidak,tidak,159,gagal,yes
teknisi,480,tidak,tidak,344,lainnya,yes
teknisi,2789,ya,tidak,256,gagal,no
teknisi,-411,ya,tidak,78,gagal,no
teknisi,4089,tidak,tidak,114,gagal,no
teknisi,189,tidak,tidak,238,sukses,yes
management,243,ya,tidak,160,gagal,no
pensiunan,0,ya,ya,648,unknown,yes
pelayan,1482,ya,tidak,177,lainnya,no
management,366,tidak,tidak,593,unknown,yes
admin,205,tidak,tidak,289,unknown,yes
admin,1934,tidak,ya,225,gagal,no
management,62,ya,tidak,175,gagal,no
belum,977,ya,tidak,52,lainnya,no
teknisi,5514,tidak,tidak,319,sukses,yes
buruh,889,ya,tidak,13,sukses,no
management,273,ya,tidak,803,unknown,yes
teknisi,2729,ya,tidak,945,sukses,no
management,-470,ya,tidak,506,gagal,no
wiraswasta,4579,tidak,tidak,409,unknown,yes
management,5106,tidak,tidak,244,unknown,yes
teknisi,636,ya,tidak,352,unknown,yes
pelayan,1076,tidak,tidak,152,sukses,yes
teknisi,383,tidak,tidak,327,sukses,no
pensiunan,0,tidak,tidak,618,unknown,yes
buruh,706,ya,tidak,329,gagal,no
management,1825,ya,tidak,24,gagal,no
wiraswasta,185,tidak,tidak,177,gagal,no
buruh,0,tidak,tidak,731,gagal,no
management,6016,tidak,tidak,670,unknown,yes
pensiunan,1640,tidak,ya,72,gagal,no
admin,174,ya,tidak,241,gagal,no
management,490,tidak,tidak,207,gagal,yes
management,15459,tidak,tidak,245,sukses,no
management,2370,ya,ya,56,lainnya,no
buruh,160,ya,tidak,136,gagal,no
admin,5,ya,ya,82,lainnya,no
pensiunan,1341,tidak,tidak,415,unknown,yes
pelayan,54,ya,tidak,97,gagal,no
buruh,298,ya,tidak,135,gagal,no
buruh,493,tidak,tidak,671,unknown,yes
buruh,-98,ya,ya,112,lainnya,no
unknown,895,tidak,tidak,335,unknown,yes
teknisi,158,tidak,tidak,650,unknown,yes
buruh,-217,ya,tidak,313,lainnya,no
management,5037,tidak,tidak,252,lainnya,yes
admin,2232,tidak,tidak,121,unknown,yes
management,913,ya,tidak,883,gagal,no
management,2603,ya,tidak,280,unknown,yes
management,41,tidak,tidak,686,unknown,yes
pensiunan,5845,tidak,tidak,1060,unknown,yes
management,1519,tidak,tidak,230,sukses,yes
management,625,ya,tidak,424,gagal,no
pelayan,867,ya,tidak,177,gagal,no
pensiunan,8304,tidak,tidak,712,gagal,yes
management,1623,ya,tidak,1081,unknown,yes
management,60,tidak,tidak,376,gagal,no
buruh,91,ya,tidak,29,gagal,no
entrepreneur,171,ya,tidak,209,gagal,no
buruh,142,ya,tidak,41,gagal,no
admin,204,ya,tidak,224,unknown,yes
management,311,tidak,tidak,757,unknown,yes
management,1509,tidak,tidak,144,gagal,no
admin,710,ya,ya,653,sukses,yes
teknisi,1233,ya,tidak,91,lainnya,yes
management,171,tidak,tidak,93,unknown,yes
management,69,ya,tidak,503,gagal,no
admin,1499,ya,tidak,186,gagal,no
pensiunan,425,tidak,tidak,883,gagal,yes
admin,1448,tidak,tidak,217,lainnya,no
wiraswasta,706,tidak,tidak,78,sukses,no
admin,368,tidak,tidak,293,lainnya,yes
buruh,121,ya,tidak,16,lainnya,no
admin,299,ya,tidak,209,gagal,no
pelayan,254,ya,tidak,397,gagal,no
management,553,ya,tidak,113,gagal,no
pelayan,361,tidak,tidak,329,lainnya,no
teknisi,3234,tidak,tidak,578,unknown,yes
teknisi,341,tidak,ya,136,gagal,no
buruh,37,ya,tidak,24,lainnya,no
buruh,0,ya,tidak,1174,lainnya,yes
pelayan,2253,ya,tidak,937,unknown,yes
admin,-97,ya,tidak,79,sukses,no
pelajar,0,tidak,tidak,101,lainnya,no
management,495,tidak,tidak,157,sukses,yes
entrepreneur,157,tidak,ya,57,lainnya,no
pensiunan,351,ya,tidak,1063,unknown,yes
pensiunan,1574,tidak,tidak,301,unknown,yes
pensiunan,0,tidak,tidak,847,sukses,yes
pembantu,1238,tidak,tidak,1558,unknown,yes
pensiunan,1388,tidak,tidak,146,sukses,no
teknisi,13,ya,tidak,323,gagal,no
teknisi,4665,ya,tidak,860,unknown,yes
management,1224,ya,ya,1441,unknown,yes
pelayan,1893,ya,tidak,1259,unknown,yes
management,3696,tidak,tidak,305,gagal,no
management,2987,ya,tidak,307,unknown,yes
buruh,1766,tidak,ya,166,unknown,yes
pelayan,0,tidak,tidak,80,unknown,yes
management,0,ya,tidak,537,gagal,no
teknisi,259,tidak,tidak,415,sukses,yes
teknisi,744,ya,tidak,283,lainnya,no
teknisi,7546,ya,tidak,137,gagal,no
buruh,0,ya,tidak,502,gagal,no
teknisi,113,tidak,tidak,328,sukses,yes
teknisi,57,tidak,tidak,796,unknown,yes
admin,225,tidak,tidak,1126,unknown,yes
admin,936,tidak,tidak,931,unknown,yes
teknisi,1415,ya,tidak,483,gagal,no
teknisi,286,tidak,tidak,60,gagal,no
management,93,tidak,tidak,198,lainnya,no
buruh,1663,ya,tidak,217,gagal,no
buruh,792,ya,ya,611,lainnya,no
teknisi,133,tidak,tidak,218,unknown,yes
management,2171,ya,ya,1034,unknown,yes
pelayan,4760,ya,tidak,182,gagal,no
buruh,203,ya,tidak,265,lainnya,no
wiraswasta,634,ya,tidak,65,gagal,no
entrepreneur,1544,tidak,ya,85,gagal,no
pelayan,6145,ya,tidak,362,gagal,no
pelajar,1562,tidak,tidak,659,unknown,yes
pelayan,386,tidak,ya,74,sukses,no
buruh,49,ya,tidak,232,lainnya,no
management,7702,tidak,tidak,138,unknown,yes
buruh,464,ya,tidak,173,lainnya,no
management,539,tidak,tidak,540,gagal,no
buruh,2558,ya,tidak,107,lainnya,no
pensiunan,2815,tidak,tidak,125,gagal,no
management,6217,ya,ya,486,gagal,no
teknisi,14533,tidak,tidak,646,sukses,no
management,151,ya,tidak,97,unknown,yes
management,1297,tidak,tidak,716,unknown,yes
wiraswasta,203,ya,tidak,9,lainnya,no
pelayan,1746,ya,tidak,15,gagal,no
teknisi,821,ya,ya,224,gagal,no
buruh,699,tidak,tidak,98,gagal,no
belum,759,tidak,tidak,97,gagal,no
buruh,687,ya,tidak,72,gagal,no
pensiunan,4968,tidak,tidak,109,gagal,no
wiraswasta,426,tidak,tidak,1029,unknown,yes
admin,356,ya,tidak,244,gagal,no
buruh,306,tidak,tidak,388,sukses,yes
buruh,556,ya,tidak,147,lainnya,no
buruh,-191,ya,tidak,755,unknown,yes
management,4761,ya,tidak,159,gagal,no
pelayan,1784,tidak,tidak,385,unknown,yes
admin,168,ya,tidak,249,gagal,no
teknisi,0,tidak,tidak,594,unknown,yes
teknisi,2442,tidak,tidak,91,unknown,yes
admin,132,tidak,tidak,574,sukses,yes
buruh,7,ya,ya,171,lainnya,no
management,3283,tidak,tidak,258,gagal,yes
belum,507,ya,tidak,134,gagal,no
management,5958,ya,tidak,215,unknown,yes
pelajar,304,tidak,tidak,226,unknown,yes
buruh,118,ya,tidak,1275,unknown,yes
wiraswasta,123,tidak,ya,66,lainnya,no
admin,70,ya,tidak,229,unknown,yes
buruh,2190,tidak,ya,90,gagal,no
management,4415,ya,tidak,1032,gagal,yes
teknisi,197,tidak,tidak,78,unknown,yes
admin,2398,ya,tidak,317,gagal,yes
admin,100,ya,tidak,221,sukses,yes
pembantu,889,tidak,tidak,388,unknown,yes
admin,197,ya,tidak,223,gagal,yes
teknisi,825,ya,tidak,38,lainnya,no
pembantu,3232,tidak,tidak,541,gagal,no
management,1445,tidak,tidak,328,sukses,yes
teknisi,226,ya,tidak,762,unknown,yes
teknisi,0,ya,tidak,524,sukses,yes
wiraswasta,44,tidak,tidak,310,lainnya,no
buruh,2887,tidak,tidak,819,unknown,yes
admin,1992,tidak,tidak,202,gagal,no
management,297,ya,tidak,415,gagal,yes
teknisi,13711,ya,tidak,638,sukses,no
pelayan,1175,ya,tidak,102,gagal,no
pensiunan,15834,tidak,tidak,172,gagal,no
buruh,373,ya,tidak,10,gagal,no
buruh,2171,ya,tidak,130,lainnya,no
admin,4958,ya,tidak,64,lainnya,no
management,156,tidak,tidak,657,unknown,yes
management,4374,ya,tidak,163,gagal,no
pelayan,774,ya,tidak,231,gagal,no
buruh,0,ya,tidak,226,lainnya,no
teknisi,3,tidak,tidak,488,unknown,yes
management,8295,tidak,tidak,207,unknown,yes
wiraswasta,95,ya,tidak,1309,unknown,yes
buruh,2240,ya,tidak,551,gagal,no
management,2646,tidak,tidak,142,unknown,yes
management,541,ya,tidak,72,lainnya,no
buruh,1230,ya,tidak,412,sukses,yes
admin,45,ya,ya,908,lainnya,no
pensiunan,1503,tidak,tidak,165,lainnya,no
management,-679,ya,ya,159,gagal,no
pelajar,10788,tidak,tidak,102,lainnya,no
pelayan,991,ya,tidak,89,gagal,no
admin,247,tidak,tidak,401,unknown,yes
buruh,180,tidak,tidak,203,gagal,no
buruh,-887,ya,tidak,827,unknown,yes
teknisi,440,ya,tidak,445,gagal,no
teknisi,-735,ya,tidak,144,gagal,no
teknisi,902,ya,tidak,691,gagal,yes
management,1205,tidak,tidak,376,unknown,yes
management,1361,tidak,tidak,1473,unknown,yes
pelajar,0,tidak,tidak,294,lainnya,yes
management,273,ya,tidak,910,sukses,yes
pensiunan,1139,ya,tidak,155,gagal,no
buruh,0,tidak,tidak,1366,gagal,no
pembantu,7195,tidak,tidak,609,unknown,yes
pelayan,-477,tidak,ya,1532,unknown,yes
management,1026,tidak,tidak,226,lainnya,yes
belum,980,ya,tidak,352,unknown,yes
pensiunan,4657,tidak,tidak,93,unknown,yes
pelajar,3472,tidak,tidak,332,gagal,yes
buruh,474,ya,ya,152,gagal,no
teknisi,489,ya,tidak,356,unknown,yes
pelajar,213,tidak,tidak,378,unknown,yes
pelayan,257,ya,tidak,955,unknown,yes
entrepreneur,1410,ya,tidak,93,gagal,no
admin,6046,ya,ya,300,sukses,yes
admin,980,tidak,tidak,118,gagal,no
pensiunan,680,tidak,tidak,513,gagal,no
belum,343,tidak,tidak,377,unknown,yes
teknisi,-259,ya,tidak,381,gagal,no
teknisi,7138,tidak,tidak,809,unknown,yes
buruh,310,ya,tidak,526,lainnya,no
admin,2038,tidak,tidak,405,sukses,no
teknisi,105,ya,tidak,146,gagal,no
buruh,2926,ya,ya,482,gagal,no
entrepreneur,66,tidak,tidak,1164,unknown,yes
management,4758,ya,tidak,712,unknown,yes
buruh,60,ya,tidak,161,gagal,no
admin,1583,ya,tidak,100,gagal,no
buruh,1065,ya,ya,406,gagal,no
belum,-13,ya,tidak,361,gagal,no
buruh,609,ya,tidak,1126,gagal,no
pensiunan,4079,tidak,tidak,343,unknown,yes
management,0,ya,tidak,228,gagal,yes
teknisi,925,ya,tidak,709,unknown,yes
buruh,42,ya,tidak,51,gagal,no
management,1727,tidak,tidak,500,gagal,yes
buruh,664,tidak,ya,955,unknown,yes
management,1942,ya,ya,436,lainnya,yes
teknisi,4198,tidak,tidak,309,sukses,yes
buruh,230,ya,tidak,198,gagal,no
admin,747,ya,tidak,543,unknown,yes
teknisi,568,ya,tidak,378,sukses,yes
buruh,486,ya,tidak,422,gagal,no
pembantu,22,ya,tidak,238,lainnya,no
teknisi,1167,ya,tidak,968,gagal,yes
management,35,ya,tidak,156,gagal,no
pensiunan,8304,tidak,tidak,681,sukses,no
buruh,697,tidak,tidak,860,unknown,yes
pensiunan,473,tidak,tidak,112,gagal,no
management,201,ya,tidak,325,unknown,yes
management,592,tidak,tidak,145,lainnya,no
management,104,ya,tidak,606,unknown,yes
management,9339,ya,tidak,52,lainnya,no
pelayan,1970,ya,tidak,30,sukses,no
wiraswasta,1513,tidak,tidak,330,gagal,no
management,1412,ya,tidak,480,unknown,yes
pensiunan,0,tidak,tidak,227,unknown,yes
pelajar,508,ya,tidak,12,lainnya,no
belum,817,tidak,tidak,517,sukses,yes
teknisi,348,ya,tidak,225,gagal,no
admin,-306,ya,tidak,500,unknown,yes
pembantu,1265,ya,tidak,326,gagal,yes
pembantu,3727,tidak,tidak,993,unknown,yes
management,4089,ya,tidak,289,lainnya,yes
management,1859,tidak,tidak,245,unknown,yes
buruh,602,ya,tidak,347,gagal,no
pelayan,386,tidak,tidak,253,gagal,yes
teknisi,826,ya,tidak,195,lainnya,no
pelayan,1836,ya,tidak,750,unknown,yes
buruh,-46,ya,tidak,199,sukses,yes
buruh,33,ya,tidak,125,gagal,no
entrepreneur,104,ya,tidak,635,unknown,yes
pelayan,1438,ya,tidak,207,gagal,no
admin,1693,ya,tidak,137,sukses,no
entrepreneur,4,ya,tidak,395,unknown,yes
management,26306,ya,tidak,27,gagal,no
management,199,ya,ya,1689,unknown,yes
management,3301,ya,tidak,485,gagal,yes
pelajar,822,tidak,tidak,184,gagal,yes
management,1534,ya,tidak,156,lainnya,no
teknisi,2776,ya,tidak,701,unknown,yes
buruh,139,ya,ya,732,gagal,yes
pelayan,4500,ya,tidak,733,unknown,yes
management,46,tidak,ya,80,gagal,no
admin,10,tidak,ya,162,gagal,no
belum,780,tidak,tidak,148,gagal,no
management,238,tidak,tidak,185,sukses,yes
management,1531,ya,tidak,81,gagal,no
management,326,ya,tidak,788,unknown,yes
pensiunan,502,ya,tidak,197,gagal,no
admin,0,tidak,tidak,180,sukses,no
management,171,ya,tidak,191,gagal,no
admin,0,ya,tidak,1073,unknown,yes
teknisi,1931,tidak,tidak,167,lainnya,no
entrepreneur,2,ya,ya,184,gagal,no
teknisi,197,tidak,ya,47,lainnya,no
buruh,1905,ya,tidak,709,unknown,yes
teknisi,769,ya,tidak,153,gagal,no
teknisi,6,ya,tidak,100,gagal,no
admin,225,ya,tidak,304,gagal,no
pelayan,54,ya,tidak,543,unknown,yes
admin,883,ya,tidak,95,lainnya,no
management,102,ya,tidak,470,lainnya,yes
admin,490,ya,tidak,31,gagal,no
pelayan,512,ya,ya,206,gagal,no
pelayan,417,ya,tidak,15,gagal,no
admin,661,ya,tidak,411,lainnya,no
teknisi,-242,ya,tidak,1149,unknown,yes
pelayan,3403,ya,tidak,707,sukses,yes
belum,622,tidak,tidak,1451,unknown,yes
pelayan,152,ya,tidak,563,unknown,yes
buruh,1491,ya,tidak,203,gagal,no
teknisi,6402,ya,tidak,158,sukses,no
management,877,tidak,tidak,202,gagal,no
teknisi,0,ya,ya,105,gagal,no
buruh,-386,tidak,ya,477,unknown,yes
management,5063,tidak,tidak,418,unknown,yes
pelajar,203,tidak,tidak,104,gagal,no
teknisi,1818,tidak,ya,189,gagal,no
belum,1289,tidak,tidak,250,gagal,yes
pensiunan,796,tidak,tidak,427,gagal,yes
teknisi,117,tidak,tidak,467,lainnya,yes
management,691,ya,ya,517,gagal,no
management,724,ya,tidak,287,gagal,yes
buruh,-28,ya,tidak,284,gagal,no
buruh,665,tidak,tidak,89,gagal,no
management,925,tidak,tidak,321,sukses,yes
buruh,155,ya,tidak,291,gagal,no
teknisi,1129,ya,tidak,806,unknown,yes
pelajar,2488,tidak,tidak,449,lainnya,yes
management,1667,ya,tidak,164,gagal,no
unknown,732,tidak,tidak,759,unknown,yes
admin,769,tidak,tidak,72,gagal,no
admin,3636,tidak,ya,808,unknown,yes
unknown,558,tidak,tidak,464,gagal,yes
management,5355,tidak,tidak,466,unknown,yes
pembantu,104,tidak,ya,701,unknown,yes
buruh,1257,ya,tidak,93,gagal,no
buruh,23,tidak,tidak,143,lainnya,no
management,8106,tidak,tidak,125,gagal,no
entrepreneur,29,tidak,tidak,52,gagal,no
teknisi,14,tidak,tidak,167,sukses,yes
management,4148,ya,tidak,316,lainnya,yes
management,1064,ya,tidak,562,unknown,yes
belum,377,tidak,tidak,158,gagal,no
admin,479,ya,tidak,515,gagal,yes
buruh,1071,ya,tidak,143,gagal,no
admin,865,ya,tidak,85,gagal,no
pensiunan,2917,tidak,tidak,215,unknown,yes
teknisi,2557,tidak,tidak,134,sukses,yes
teknisi,4,tidak,tidak,145,gagal,no
buruh,367,tidak,tidak,217,gagal,no
admin,725,ya,tidak,123,gagal,no
buruh,776,ya,tidak,232,gagal,no
pelayan,823,tidak,tidak,780,unknown,yes
teknisi,1453,ya,tidak,246,lainnya,no
management,1200,tidak,tidak,904,unknown,yes
admin,3672,ya,tidak,157,gagal,no
management,9,tidak,tidak,386,unknown,yes
buruh,0,ya,tidak,1472,gagal,yes
management,1133,ya,tidak,293,lainnya,yes
teknisi,4945,ya,tidak,311,unknown,yes
admin,92,ya,tidak,139,gagal,no
pelajar,3733,ya,tidak,198,sukses,yes
admin,0,ya,ya,239,gagal,no
wiraswasta,560,ya,tidak,58,gagal,no
management,325,ya,tidak,1139,unknown,yes
management,437,tidak,tidak,504,sukses,yes
pensiunan,935,tidak,tidak,100,lainnya,no
admin,0,tidak,tidak,264,unknown,yes
buruh,1521,ya,ya,102,gagal,no
management,1310,tidak,tidak,521,lainnya,no
management,9756,ya,tidak,103,lainnya,yes
management,2506,tidak,tidak,485,unknown,yes
buruh,403,ya,tidak,318,sukses,no
teknisi,809,ya,tidak,155,gagal,no
buruh,75,ya,tidak,479,unknown,yes
management,287,ya,tidak,199,lainnya,no
unknown,677,tidak,tidak,384,sukses,no
teknisi,477,ya,tidak,973,gagal,no
teknisi,2325,tidak,tidak,125,unknown,yes
teknisi,230,ya,tidak,442,gagal,yes
buruh,25,tidak,tidak,528,unknown,yes
admin,-396,ya,tidak,443,gagal,no
management,1657,ya,tidak,566,gagal,no
teknisi,1219,tidak,tidak,697,unknown,yes
buruh,-839,ya,ya,1018,unknown,yes
teknisi,994,tidak,tidak,221,gagal,no
buruh,1221,ya,tidak,182,gagal,no
management,985,tidak,tidak,998,unknown,yes
buruh,2157,ya,tidak,149,gagal,no
management,0,ya,tidak,171,unknown,yes
management,22856,tidak,tidak,154,gagal,no
pelajar,302,tidak,tidak,205,unknown,yes
teknisi,5731,ya,tidak,164,lainnya,no
admin,1270,ya,tidak,80,lainnya,no
admin,748,tidak,tidak,94,lainnya,no
entrepreneur,25,ya,tidak,652,lainnya,no
admin,96,ya,tidak,612,lainnya,no
teknisi,-90,tidak,ya,270,unknown,yes
entrepreneur,170,ya,tidak,442,unknown,yes
teknisi,3665,tidak,tidak,664,unknown,yes
management,763,ya,tidak,877,lainnya,yes
pelayan,320,tidak,tidak,1971,unknown,yes
management,1582,tidak,tidak,26,gagal,no
buruh,699,ya,ya,1258,lainnya,yes
management,1058,tidak,tidak,188,unknown,yes
buruh,881,ya,tidak,143,gagal,no
teknisi,6728,tidak,tidak,232,sukses,yes
wiraswasta,167,ya,ya,380,gagal,no
teknisi,1625,tidak,tidak,796,gagal,yes
buruh,8627,ya,tidak,169,gagal,no
management,2590,tidak,tidak,103,lainnya,no
pembantu,9228,tidak,tidak,655,unknown,yes
management,2431,ya,tidak,646,unknown,yes
pembantu,848,tidak,tidak,605,lainnya,no
management,481,ya,tidak,164,lainnya,no
teknisi,470,ya,tidak,743,unknown,yes
management,0,tidak,tidak,550,unknown,yes
management,697,tidak,tidak,119,gagal,no
management,894,ya,tidak,491,lainnya,no
pembantu,0,ya,tidak,154,unknown,yes
buruh,655,ya,tidak,127,gagal,no
pensiunan,694,tidak,tidak,144,lainnya,yes
teknisi,1646,ya,tidak,261,sukses,yes
admin,14,tidak,tidak,87,gagal,no
admin,260,ya,tidak,146,gagal,no
buruh,2039,ya,tidak,451,gagal,yes
pelayan,88,ya,tidak,105,gagal,no
teknisi,1191,tidak,tidak,214,unknown,yes
management,242,tidak,tidak,587,unknown,yes
management,1511,ya,tidak,270,unknown,yes
buruh,147,ya,tidak,116,gagal,no
teknisi,55,ya,tidak,38,gagal,no
pelajar,691,tidak,tidak,338,unknown,yes
management,552,ya,ya,314,gagal,no
buruh,1787,ya,tidak,87,gagal,no
pensiunan,14220,ya,tidak,397,unknown,yes
management,12569,tidak,tidak,344,gagal,yes
buruh,4855,ya,tidak,1529,gagal,no
teknisi,2408,tidak,tidak,236,sukses,no
buruh,346,ya,tidak,390,gagal,no
admin,45,tidak,tidak,1467,unknown,yes
admin,556,ya,ya,646,unknown,yes
entrepreneur,1514,tidak,ya,160,gagal,no
pensiunan,1580,tidak,ya,1007,unknown,yes
teknisi,16,tidak,tidak,990,unknown,yes
entrepreneur,2543,tidak,tidak,223,gagal,yes
buruh,828,ya,tidak,214,gagal,no
pembantu,3940,ya,tidak,171,sukses,no
admin,7,ya,tidak,224,lainnya,no
admin,3735,tidak,tidak,190,sukses,yes
wiraswasta,2094,tidak,tidak,458,unknown,yes
buruh,508,ya,tidak,222,gagal,no
management,0,ya,tidak,612,lainnya,no
teknisi,523,ya,tidak,152,unknown,yes
buruh,60,tidak,tidak,487,lainnya,no
buruh,342,ya,tidak,340,gagal,no
buruh,1830,tidak,tidak,183,gagal,no
management,16957,ya,tidak,208,gagal,no
management,0,tidak,tidak,147,sukses,yes
buruh,2303,ya,tidak,775,unknown,yes
teknisi,-54,ya,ya,698,gagal,yes
belum,4809,ya,tidak,223,lainnya,no
pensiunan,279,tidak,tidak,399,unknown,yes
admin,2374,ya,tidak,161,gagal,yes
admin,92,ya,tidak,110,gagal,no
buruh,1397,ya,tidak,58,gagal,no
pelayan,414,ya,tidak,11,lainnya,no
teknisi,4030,ya,tidak,75,gagal,no
admin,0,tidak,tidak,91,gagal,no
management,1696,ya,tidak,257,gagal,yes
buruh,856,ya,tidak,470,lainnya,no
teknisi,347,ya,tidak,154,gagal,no
pensiunan,701,tidak,tidak,254,unknown,yes
pelayan,478,tidak,tidak,475,unknown,yes
teknisi,2544,tidak,tidak,252,sukses,yes
management,523,ya,tidak,105,gagal,no
pensiunan,3948,tidak,tidak,484,gagal,no
pensiunan,747,tidak,tidak,203,gagal,no
wiraswasta,585,ya,tidak,48,gagal,no
buruh,2145,ya,tidak,727,unknown,yes
teknisi,232,ya,ya,72,gagal,no
pelayan,405,tidak,ya,994,unknown,yes
wiraswasta,451,ya,tidak,125,gagal,no
wiraswasta,8515,ya,tidak,14,lainnya,no
management,1808,ya,tidak,245,unknown,yes
admin,678,ya,tidak,1579,gagal,yes
teknisi,976,ya,tidak,183,gagal,no
admin,1927,ya,tidak,288,lainnya,no
buruh,6053,tidak,tidak,865,gagal,no
admin,725,ya,tidak,219,gagal,no
management,802,tidak,tidak,569,unknown,yes
teknisi,556,ya,tidak,460,unknown,yes
entrepreneur,806,ya,ya,141,lainnya,no
management,481,ya,tidak,147,gagal,no
admin,4745,tidak,tidak,360,sukses,yes
buruh,331,ya,tidak,178,lainnya,no
management,5086,tidak,tidak,213,unknown,yes
pensiunan,474,tidak,tidak,423,unknown,yes
pensiunan,8556,tidak,tidak,326,sukses,yes
pensiunan,680,tidak,tidak,341,gagal,no
pensiunan,763,tidak,tidak,384,unknown,yes
management,-375,tidak,tidak,814,unknown,yes
management,5310,ya,tidak,984,unknown,yes
admin,22171,ya,tidak,44,gagal,no
management,856,ya,ya,70,lainnya,no
buruh,53,ya,tidak,276,gagal,no
buruh,2519,ya,tidak,257,lainnya,no
buruh,2087,ya,tidak,267,gagal,yes
management,390,tidak,tidak,190,sukses,no
pensiunan,1026,tidak,tidak,669,unknown,yes
teknisi,876,tidak,tidak,269,sukses,yes
management,495,tidak,tidak,213,sukses,yes
admin,542,tidak,tidak,8,lainnya,no
management,24,ya,tidak,169,gagal,no
buruh,192,ya,tidak,154,lainnya,no
buruh,262,tidak,tidak,96,sukses,no
buruh,4438,ya,tidak,446,unknown,yes
pelayan,5045,ya,tidak,20,lainnya,no
entrepreneur,0,tidak,tidak,207,gagal,no
teknisi,1279,ya,tidak,239,sukses,no
admin,127,ya,tidak,16,lainnya,no
teknisi,202,ya,tidak,429,gagal,no
wiraswasta,442,tidak,tidak,474,lainnya,yes
teknisi,808,ya,tidak,578,lainnya,no
management,427,ya,tidak,17,gagal,no
pelayan,4256,ya,tidak,239,lainnya,yes
pelayan,238,ya,tidak,101,lainnya,no
pensiunan,846,tidak,tidak,671,gagal,yes
buruh,3,tidak,tidak,998,unknown,yes
pensiunan,230,tidak,tidak,144,unknown,yes
wiraswasta,980,tidak,tidak,428,gagal,no
admin,79,ya,tidak,249,gagal,yes
management,808,tidak,tidak,267,gagal,yes
buruh,1792,ya,tidak,630,unknown,yes
management,2240,ya,tidak,282,sukses,yes
management,22546,ya,tidak,8,gagal,no
admin,0,ya,tidak,1448,unknown,yes
buruh,228,ya,tidak,12,gagal,no
admin,459,tidak,tidak,558,unknown,yes
pelayan,-378,ya,ya,541,gagal,no
admin,865,ya,tidak,96,gagal,no
admin,389,ya,tidak,69,gagal,no
pensiunan,429,tidak,tidak,1006,unknown,yes
entrepreneur,1847,ya,tidak,543,gagal,no
admin,897,tidak,tidak,397,unknown,yes
pelayan,4664,tidak,tidak,22,gagal,no
pelajar,64,tidak,tidak,208,sukses,no
belum,-471,ya,tidak,77,gagal,no
buruh,26,ya,tidak,342,lainnya,no
admin,2033,tidak,tidak,123,gagal,no
admin,789,ya,tidak,1022,gagal,no
buruh,142,ya,tidak,123,lainnya,no
buruh,897,ya,tidak,119,gagal,no
unknown,0,tidak,tidak,260,sukses,yes
pelayan,4,tidak,tidak,268,lainnya,yes
management,502,ya,tidak,267,lainnya,no
management,8669,ya,tidak,5,gagal,no
admin,72,ya,ya,262,gagal,no
wiraswasta,61,tidak,tidak,836,unknown,yes
admin,2552,tidak,ya,255,lainnya,no
wiraswasta,1047,tidak,tidak,554,unknown,yes
teknisi,-308,tidak,tidak,781,unknown,yes
wiraswasta,2077,ya,tidak,363,lainnya,no
buruh,7735,ya,tidak,220,gagal,no
pelajar,153,tidak,tidak,1124,unknown,yes
management,139,tidak,tidak,188,lainnya,no
management,21,ya,tidak,107,gagal,no
admin,5320,tidak,tidak,114,lainnya,no
pelayan,8876,tidak,tidak,280,gagal,no
pensiunan,2850,tidak,tidak,185,unknown,yes
buruh,360,ya,tidak,46,gagal,no
admin,199,tidak,tidak,978,lainnya,no
buruh,1291,ya,tidak,142,gagal,no
belum,0,ya,tidak,332,gagal,no
management,7780,tidak,tidak,364,lainnya,no
management,-559,ya,ya,98,gagal,no
entrepreneur,98,ya,tidak,59,lainnya,no
management,2306,tidak,tidak,239,unknown,yes
management,-679,ya,ya,172,gagal,no
pelayan,462,tidak,tidak,495,sukses,yes
management,883,ya,tidak,798,lainnya,yes
teknisi,136,tidak,tidak,363,unknown,yes
wiraswasta,31,ya,tidak,61,gagal,no
teknisi,0,tidak,tidak,159,sukses,no
management,347,ya,tidak,213,gagal,no
teknisi,0,ya,ya,71,lainnya,no
pelayan,2411,ya,tidak,130,gagal,yes
management,225,ya,tidak,201,lainnya,no
management,112,ya,tidak,70,lainnya,no
admin,1544,ya,tidak,104,gagal,no
belum,302,tidak,tidak,528,unknown,yes
pensiunan,565,tidak,tidak,876,unknown,yes
teknisi,6,ya,tidak,122,gagal,no
admin,-650,tidak,tidak,123,gagal,no
pensiunan,19317,ya,tidak,249,unknown,yes
teknisi,3726,tidak,tidak,875,unknown,yes
wiraswasta,6610,tidak,tidak,481,unknown,yes
management,78,ya,tidak,218,lainnya,no
pembantu,0,tidak,tidak,141,gagal,no
management,1384,ya,tidak,203,lainnya,no
buruh,-1400,ya,tidak,309,gagal,no
buruh,2160,tidak,tidak,261,sukses,yes
teknisi,842,tidak,tidak,273,lainnya,no
management,3576,tidak,tidak,349,sukses,yes
buruh,1628,ya,tidak,119,sukses,no
pensiunan,1164,tidak,tidak,338,gagal,no
management,356,tidak,tidak,198,lainnya,no
wiraswasta,202,ya,tidak,107,gagal,no
teknisi,114,ya,ya,153,lainnya,no
teknisi,629,ya,ya,109,gagal,no
pelajar,268,ya,tidak,528,gagal,no
management,83,tidak,tidak,1223,unknown,yes
admin,2223,tidak,tidak,1139,sukses,no
admin,1070,ya,tidak,30,lainnya,yes
pelayan,84,ya,tidak,1101,unknown,yes
management,2,tidak,tidak,102,gagal,no
pelajar,5969,tidak,tidak,156,gagal,no
pelayan,1347,tidak,tidak,280,lainnya,yes
pelayan,5533,ya,tidak,582,gagal,no
pelayan,38,ya,tidak,744,unknown,yes
admin,30,ya,tidak,98,gagal,no
entrepreneur,3057,tidak,tidak,2769,unknown,yes
management,0,ya,tidak,561,gagal,no
buruh,239,ya,tidak,412,unknown,yes
management,497,tidak,tidak,66,gagal,no
admin,305,tidak,tidak,633,sukses,yes
teknisi,858,ya,tidak,234,gagal,no
pembantu,0,tidak,tidak,639,gagal,yes
management,1331,tidak,tidak,297,sukses,yes
admin,179,ya,tidak,67,gagal,no
management,5108,ya,tidak,272,lainnya,no
buruh,-97,ya,tidak,216,gagal,no
management,489,ya,tidak,130,lainnya,no
wiraswasta,263,tidak,tidak,203,lainnya,no
management,434,ya,tidak,277,sukses,no
pelayan,152,ya,tidak,158,unknown,yes
pembantu,1040,ya,tidak,199,gagal,no
teknisi,3285,ya,tidak,1721,unknown,yes
pensiunan,424,tidak,tidak,143,gagal,no
teknisi,674,ya,tidak,587,unknown,yes
pelayan,0,ya,tidak,1608,unknown,yes
buruh,-308,ya,tidak,725,unknown,yes
admin,-247,ya,ya,519,lainnya,yes
management,-470,ya,tidak,130,gagal,no
pensiunan,2628,tidak,tidak,220,gagal,no
teknisi,116,tidak,tidak,79,sukses,no
management,2944,tidak,tidak,882,unknown,yes
buruh,3975,ya,ya,515,lainnya,no
pelayan,96,ya,tidak,238,gagal,no
teknisi,3450,tidak,tidak,169,gagal,yes
management,334,ya,tidak,36,lainnya,no
management,997,tidak,tidak,106,unknown,yes
management,3355,tidak,tidak,181,gagal,no
management,8,tidak,tidak,93,unknown,yes
management,170,tidak,tidak,129,unknown,yes
pensiunan,921,tidak,tidak,394,unknown,yes
management,0,tidak,tidak,508,unknown,yes
belum,3274,ya,tidak,680,gagal,no
pensiunan,206,tidak,tidak,479,unknown,yes
teknisi,2325,tidak,tidak,270,lainnya,no
buruh,1664,ya,tidak,158,sukses,no
management,623,ya,tidak,96,gagal,no
admin,3540,ya,tidak,213,gagal,no
admin,95,ya,tidak,335,unknown,yes
pelayan,765,ya,tidak,959,lainnya,yes
teknisi,-824,ya,tidak,429,unknown,yes
buruh,-120,ya,tidak,100,gagal,no
management,8038,ya,tidak,29,gagal,no
wiraswasta,189,ya,tidak,136,gagal,no
pembantu,19,tidak,tidak,110,sukses,yes
unknown,341,ya,ya,670,sukses,yes
admin,607,ya,tidak,454,gagal,yes
management,1274,ya,tidak,190,gagal,no
buruh,377,ya,tidak,143,gagal,no
admin,802,tidak,tidak,77,lainnya,no
teknisi,-315,tidak,ya,2029,unknown,yes
management,649,tidak,tidak,237,gagal,no
pelajar,294,tidak,tidak,87,sukses,yes
teknisi,1679,tidak,tidak,718,unknown,yes
admin,169,tidak,tidak,180,gagal,no
wiraswasta,506,tidak,tidak,47,gagal,no
management,4402,tidak,tidak,805,lainnya,yes
pelayan,459,ya,tidak,623,sukses,yes
buruh,1177,tidak,tidak,330,sukses,yes
management,2187,ya,tidak,525,unknown,yes
teknisi,569,tidak,tidak,976,unknown,yes
teknisi,12,tidak,tidak,587,unknown,yes
buruh,1143,ya,tidak,264,gagal,no
pensiunan,-464,ya,tidak,75,gagal,no
pembantu,0,tidak,tidak,94,lainnya,no
pensiunan,1679,tidak,tidak,417,lainnya,yes
admin,3676,tidak,tidak,567,sukses,yes
management,-242,ya,ya,600,lainnya,yes
management,3050,ya,tidak,469,unknown,yes
management,3371,tidak,tidak,269,unknown,yes
pelayan,1757,ya,tidak,1010,lainnya,no
teknisi,246,ya,tidak,270,gagal,no
buruh,887,ya,tidak,165,gagal,no
wiraswasta,2734,ya,tidak,897,unknown,yes
admin,18,ya,ya,359,unknown,yes
wiraswasta,2061,ya,ya,197,gagal,no
management,-13,ya,tidak,20,lainnya,no
pensiunan,1948,tidak,tidak,216,sukses,yes
buruh,24,tidak,tidak,68,gagal,no
buruh,188,ya,tidak,58,gagal,no
buruh,0,ya,tidak,146,unknown,yes
management,724,ya,tidak,157,gagal,no
admin,26,ya,tidak,56,gagal,no
buruh,1086,ya,tidak,146,gagal,no
pembantu,70,tidak,tidak,255,sukses,yes
teknisi,0,ya,ya,539,gagal,no
buruh,9328,ya,tidak,725,unknown,yes
admin,2227,tidak,tidak,242,unknown,yes
buruh,0,ya,tidak,580,gagal,no
teknisi,4441,ya,tidak,153,gagal,no
unknown,353,tidak,tidak,208,gagal,no
entrepreneur,27,ya,tidak,230,unknown,yes
teknisi,1185,ya,tidak,284,gagal,no
buruh,2,ya,tidak,16,gagal,no
pelayan,9374,ya,tidak,7,gagal,no
admin,360,tidak,tidak,332,lainnya,no
teknisi,1532,tidak,tidak,253,gagal,no
management,1673,tidak,tidak,200,lainnya,no
buruh,2788,ya,tidak,369,unknown,yes
pensiunan,616,tidak,tidak,149,gagal,no
pelayan,3064,ya,tidak,240,gagal,no
pelayan,481,ya,tidak,106,gagal,no
admin,12,ya,tidak,73,lainnya,no
management,176,ya,ya,8,gagal,no
buruh,53,ya,tidak,208,gagal,no
buruh,2805,ya,tidak,173,gagal,no
management,1612,tidak,tidak,384,gagal,no
buruh,-53,ya,tidak,648,lainnya,yes
management,944,tidak,tidak,251,unknown,yes
pensiunan,2144,tidak,tidak,417,sukses,yes
entrepreneur,37,ya,ya,207,gagal,no
management,436,ya,tidak,28,gagal,no
teknisi,647,ya,ya,124,lainnya,no
buruh,2142,ya,tidak,309,lainnya,no
pensiunan,639,tidak,tidak,353,unknown,yes
pelajar,8,tidak,tidak,107,unknown,yes
buruh,126,ya,tidak,2456,unknown,yes
wiraswasta,13,ya,tidak,76,unknown,yes
teknisi,-393,ya,ya,435,unknown,yes
pelayan,358,ya,tidak,302,gagal,no
management,473,ya,tidak,72,lainnya,no
management,0,tidak,tidak,129,gagal,no
entrepreneur,538,ya,tidak,353,unknown,yes
teknisi,8023,tidak,tidak,196,gagal,no
pelajar,6844,tidak,tidak,126,lainnya,no
belum,94,tidak,tidak,493,sukses,yes
pensiunan,1044,tidak,tidak,585,sukses,yes
pelayan,221,ya,tidak,150,gagal,no
pelajar,-148,ya,tidak,146,lainnya,no
buruh,415,ya,tidak,777,unknown,yes
teknisi,0,tidak,tidak,145,sukses,no
management,1130,ya,tidak,224,gagal,no
pelayan,133,tidak,tidak,171,unknown,yes
buruh,480,ya,tidak,830,gagal,yes
management,606,tidak,tidak,97,unknown,yes
belum,-872,ya,ya,153,gagal,no
buruh,33,ya,tidak,106,gagal,no
pelajar,260,tidak,tidak,52,gagal,no
teknisi,589,ya,tidak,223,gagal,no
buruh,3792,tidak,tidak,279,unknown,yes
teknisi,-522,ya,ya,670,gagal,yes
belum,1978,tidak,tidak,404,sukses,yes
admin,459,tidak,tidak,317,sukses,no
belum,2812,ya,tidak,830,unknown,yes
buruh,-416,ya,tidak,767,unknown,yes
pensiunan,426,tidak,tidak,225,sukses,yes
unknown,4717,tidak,tidak,256,unknown,yes
wiraswasta,6,ya,tidak,216,sukses,yes
pelayan,687,ya,tidak,869,unknown,yes
teknisi,-242,ya,tidak,1173,sukses,yes
buruh,92,ya,tidak,688,unknown,yes
teknisi,2085,tidak,tidak,501,unknown,yes
teknisi,197,tidak,tidak,260,unknown,yes
management,2,ya,tidak,100,unknown,yes
management,201,ya,tidak,171,gagal,no
pembantu,2929,tidak,tidak,518,unknown,yes
pensiunan,3382,tidak,ya,294,gagal,no
teknisi,2308,tidak,tidak,815,lainnya,yes
pelajar,10,ya,tidak,857,unknown,yes
teknisi,199,ya,ya,116,gagal,no
management,15,tidak,tidak,921,unknown,yes
admin,147,ya,ya,41,gagal,no
management,335,tidak,tidak,411,gagal,yes
admin,-251,tidak,tidak,641,unknown,yes
wiraswasta,641,ya,tidak,472,gagal,no
pelayan,35,tidak,tidak,318,gagal,no
pensiunan,0,tidak,tidak,493,unknown,yes
pelayan,1547,ya,tidak,88,sukses,no
pelayan,20,ya,tidak,404,gagal,no
teknisi,1626,tidak,tidak,356,gagal,no
pensiunan,6850,tidak,tidak,252,gagal,no
pensiunan,0,tidak,tidak,664,sukses,no
management,100,ya,ya,157,gagal,no
admin,3608,ya,tidak,231,unknown,yes
pelajar,8366,tidak,tidak,458,lainnya,no
pensiunan,519,tidak,tidak,434,gagal,yes
buruh,2548,ya,tidak,577,lainnya,no
buruh,2284,ya,tidak,1088,unknown,yes
buruh,40,ya,tidak,79,gagal,no
admin,0,ya,ya,159,gagal,no
buruh,-20,tidak,ya,574,unknown,yes
teknisi,697,tidak,tidak,220,lainnya,no
buruh,13156,ya,tidak,291,gagal,no
pensiunan,1490,tidak,tidak,506,unknown,yes
pensiunan,0,tidak,tidak,812,unknown,yes
pelayan,1012,ya,tidak,33,lainnya,no
teknisi,4787,ya,tidak,266,gagal,no
buruh,3653,ya,ya,252,gagal,no
pensiunan,1097,tidak,tidak,181,unknown,yes
belum,3357,tidak,tidak,239,unknown,yes
pensiunan,0,tidak,tidak,239,gagal,no
buruh,305,ya,tidak,7,gagal,no
entrepreneur,39,ya,tidak,549,unknown,yes
admin,59,ya,tidak,873,unknown,yes
pensiunan,493,tidak,tidak,622,gagal,no
buruh,811,ya,tidak,563,unknown,yes
teknisi,999,ya,tidak,215,gagal,no
management,2048,ya,tidak,310,gagal,yes
buruh,439,ya,tidak,212,lainnya,no
management,-17,ya,ya,474,sukses,yes
teknisi,175,ya,tidak,219,gagal,no
teknisi,4888,ya,tidak,475,gagal,no
buruh,2146,ya,tidak,1516,lainnya,yes
buruh,5304,ya,tidak,340,gagal,no
management,3953,ya,tidak,610,gagal,no
management,572,tidak,tidak,314,sukses,yes
admin,223,ya,tidak,508,sukses,no
teknisi,920,ya,tidak,58,gagal,no
management,623,tidak,tidak,297,lainnya,yes
teknisi,4790,ya,tidak,137,gagal,no
management,3436,tidak,tidak,663,unknown,yes
buruh,238,ya,tidak,238,gagal,no
belum,315,tidak,tidak,130,lainnya,no
management,6945,tidak,tidak,131,gagal,no
teknisi,309,ya,ya,346,gagal,no
teknisi,668,ya,tidak,576,unknown,yes
wiraswasta,362,tidak,ya,816,unknown,yes
buruh,1080,ya,ya,951,gagal,yes
admin,620,ya,tidak,1234,unknown,yes
buruh,668,ya,tidak,1263,unknown,yes
buruh,1205,ya,tidak,45,gagal,no
buruh,1137,tidak,tidak,129,lainnya,no
entrepreneur,1136,ya,ya,345,lainnya,no
